--
-- PostgreSQL database dump
--

-- Dumped from database version 11.4
-- Dumped by pg_dump version 11.4

SET statement_timeout = 0;
SET lock_timeout = 0;
SET idle_in_transaction_session_timeout = 0;
SET client_encoding = 'UTF8';
SET standard_conforming_strings = on;
SELECT pg_catalog.set_config('search_path', '', false);
SET check_function_bodies = false;
SET xmloption = content;
SET client_min_messages = warning;
SET row_security = off;

SET default_tablespace = '';

SET default_with_oids = false;

--
-- Name: endpoint; Type: TABLE; Schema: public; Owner: bfr_user
--

CREATE TABLE public.endpoint (
    code character varying(10) NOT NULL,
    description character varying(255) NOT NULL,
    type character varying(10) NOT NULL
);


ALTER TABLE public.endpoint OWNER TO bfr_user;

--
-- Name: endpoint_packager; Type: TABLE; Schema: public; Owner: bfr_user
--

CREATE TABLE public.endpoint_packager (
    id bigint NOT NULL,
    data oid NOT NULL,
    ext character varying(255) NOT NULL,
    file_name character varying(255) NOT NULL,
    endpoint_code character varying(10) NOT NULL,
    date_modified timestamp without time zone NOT NULL
);


ALTER TABLE public.endpoint_packager OWNER TO bfr_user;

--
-- Name: endpoint_packager_id_seq; Type: SEQUENCE; Schema: public; Owner: bfr_user
--

CREATE SEQUENCE public.endpoint_packager_id_seq
    START WITH 1
    INCREMENT BY 1
    NO MINVALUE
    NO MAXVALUE
    CACHE 1;


ALTER TABLE public.endpoint_packager_id_seq OWNER TO bfr_user;

--
-- Name: endpoint_packager_id_seq; Type: SEQUENCE OWNED BY; Schema: public; Owner: bfr_user
--

ALTER SEQUENCE public.endpoint_packager_id_seq OWNED BY public.endpoint_packager.id;


--
-- Name: endpoint_rest; Type: TABLE; Schema: public; Owner: bfr_user
--

CREATE TABLE public.endpoint_rest (
    as_server boolean NOT NULL,
    host character varying(40),
    jks_pass character varying(255),
    jks_path character varying(255),
    path_prefix character varying(255),
    ssl boolean DEFAULT false NOT NULL,
    white_list character varying(255),
    endpoint_code character varying(10) NOT NULL
);


ALTER TABLE public.endpoint_rest OWNER TO bfr_user;

--
-- Name: endpoint_rest_api; Type: TABLE; Schema: public; Owner: bfr_user
--

CREATE TABLE public.endpoint_rest_api (
    id bigint NOT NULL,
    description character varying(255) NOT NULL,
    headers character varying(255),
    http_method character varying(10) NOT NULL,
    invocation_code character varying(40),
    path character varying(255) NOT NULL,
    rc_field_name character varying(40),
    rc_in_headers boolean,
    rd_field_name character varying(40),
    rd_in_headers boolean,
    timeout_milis bigint,
    white_list character varying(255),
    endpoint_code character varying(10) NOT NULL
);


ALTER TABLE public.endpoint_rest_api OWNER TO bfr_user;

--
-- Name: endpoint_rest_api_id_seq; Type: SEQUENCE; Schema: public; Owner: bfr_user
--

CREATE SEQUENCE public.endpoint_rest_api_id_seq
    START WITH 1
    INCREMENT BY 1
    NO MINVALUE
    NO MAXVALUE
    CACHE 1;


ALTER TABLE public.endpoint_rest_api_id_seq OWNER TO bfr_user;

--
-- Name: endpoint_rest_api_id_seq; Type: SEQUENCE OWNED BY; Schema: public; Owner: bfr_user
--

ALTER SEQUENCE public.endpoint_rest_api_id_seq OWNED BY public.endpoint_rest_api.id;


--
-- Name: endpoint_soap; Type: TABLE; Schema: public; Owner: bfr_user
--

CREATE TABLE public.endpoint_soap (
    id bigint NOT NULL,
    address_location character varying(255) NOT NULL,
    as_server boolean NOT NULL,
    description character varying(255),
    service_name character varying(255),
    target_name_space character varying(255),
    white_list character varying(255),
    endpoint_code character varying(10) NOT NULL
);


ALTER TABLE public.endpoint_soap OWNER TO bfr_user;

--
-- Name: endpoint_soap_action; Type: TABLE; Schema: public; Owner: bfr_user
--

CREATE TABLE public.endpoint_soap_action (
    id bigint NOT NULL,
    action_name character varying(100) NOT NULL,
    description character varying(255),
    input_element character varying(100),
    invocation_code character varying(40),
    output_element character varying(100),
    soap_id bigint NOT NULL
);


ALTER TABLE public.endpoint_soap_action OWNER TO bfr_user;

--
-- Name: endpoint_soap_action_id_seq; Type: SEQUENCE; Schema: public; Owner: bfr_user
--

CREATE SEQUENCE public.endpoint_soap_action_id_seq
    START WITH 1
    INCREMENT BY 1
    NO MINVALUE
    NO MAXVALUE
    CACHE 1;


ALTER TABLE public.endpoint_soap_action_id_seq OWNER TO bfr_user;

--
-- Name: endpoint_soap_action_id_seq; Type: SEQUENCE OWNED BY; Schema: public; Owner: bfr_user
--

ALTER SEQUENCE public.endpoint_soap_action_id_seq OWNED BY public.endpoint_soap_action.id;


--
-- Name: endpoint_soap_id_seq; Type: SEQUENCE; Schema: public; Owner: bfr_user
--

CREATE SEQUENCE public.endpoint_soap_id_seq
    START WITH 1
    INCREMENT BY 1
    NO MINVALUE
    NO MAXVALUE
    CACHE 1;


ALTER TABLE public.endpoint_soap_id_seq OWNER TO bfr_user;

--
-- Name: endpoint_soap_id_seq; Type: SEQUENCE OWNED BY; Schema: public; Owner: bfr_user
--

ALTER SEQUENCE public.endpoint_soap_id_seq OWNED BY public.endpoint_soap.id;


--
-- Name: endpoint_status; Type: TABLE; Schema: public; Owner: bfr_user
--

CREATE TABLE public.endpoint_status (
    endpoint_code character varying(255) NOT NULL,
    node integer NOT NULL,
    status character varying(20) NOT NULL
);


ALTER TABLE public.endpoint_status OWNER TO bfr_user;

--
-- Name: endpoint_type; Type: TABLE; Schema: public; Owner: bfr_user
--

CREATE TABLE public.endpoint_type (
    type character varying(10) NOT NULL,
    description character varying(255) NOT NULL
);


ALTER TABLE public.endpoint_type OWNER TO bfr_user;

--
-- Name: invocation; Type: TABLE; Schema: public; Owner: bfr_user
--

CREATE TABLE public.invocation (
    id bigint NOT NULL,
    code character varying(40),
    description character varying(255) NOT NULL,
    endpoint_code character varying(20),
    parent_invocation_id bigint
);


ALTER TABLE public.invocation OWNER TO bfr_user;

--
-- Name: invocation_detail; Type: TABLE; Schema: public; Owner: bfr_user
--

CREATE TABLE public.invocation_detail (
    id bigint NOT NULL,
    chain integer DEFAULT 0,
    going_out boolean NOT NULL,
    process character varying(255) NOT NULL,
    invocation_id bigint NOT NULL
);


ALTER TABLE public.invocation_detail OWNER TO bfr_user;

--
-- Name: invocation_detail_id_seq; Type: SEQUENCE; Schema: public; Owner: bfr_user
--

CREATE SEQUENCE public.invocation_detail_id_seq
    START WITH 1
    INCREMENT BY 1
    NO MINVALUE
    NO MAXVALUE
    CACHE 1;


ALTER TABLE public.invocation_detail_id_seq OWNER TO bfr_user;

--
-- Name: invocation_detail_id_seq; Type: SEQUENCE OWNED BY; Schema: public; Owner: bfr_user
--

ALTER SEQUENCE public.invocation_detail_id_seq OWNED BY public.invocation_detail.id;


--
-- Name: invocation_id_seq; Type: SEQUENCE; Schema: public; Owner: bfr_user
--

CREATE SEQUENCE public.invocation_id_seq
    START WITH 1
    INCREMENT BY 1
    NO MINVALUE
    NO MAXVALUE
    CACHE 1;


ALTER TABLE public.invocation_id_seq OWNER TO bfr_user;

--
-- Name: invocation_id_seq; Type: SEQUENCE OWNED BY; Schema: public; Owner: bfr_user
--

ALTER SEQUENCE public.invocation_id_seq OWNED BY public.invocation.id;


--
-- Name: invocation_timeout; Type: TABLE; Schema: public; Owner: bfr_user
--

CREATE TABLE public.invocation_timeout (
    id bigint NOT NULL,
    endpoint_code character varying(20) NOT NULL,
    invocation_code character varying(40) NOT NULL,
    timeout_milis bigint
);


ALTER TABLE public.invocation_timeout OWNER TO bfr_user;

--
-- Name: invocation_timeout_id_seq; Type: SEQUENCE; Schema: public; Owner: bfr_user
--

CREATE SEQUENCE public.invocation_timeout_id_seq
    START WITH 1
    INCREMENT BY 1
    NO MINVALUE
    NO MAXVALUE
    CACHE 1;


ALTER TABLE public.invocation_timeout_id_seq OWNER TO bfr_user;

--
-- Name: invocation_timeout_id_seq; Type: SEQUENCE OWNED BY; Schema: public; Owner: bfr_user
--

ALTER SEQUENCE public.invocation_timeout_id_seq OWNED BY public.invocation_timeout.id;


--
-- Name: response_code; Type: TABLE; Schema: public; Owner: bfr_user
--

CREATE TABLE public.response_code (
    id bigint NOT NULL,
    code character varying(20) NOT NULL,
    endpoint_code character varying(10)
);


ALTER TABLE public.response_code OWNER TO bfr_user;

--
-- Name: response_code_id_seq; Type: SEQUENCE; Schema: public; Owner: bfr_user
--

CREATE SEQUENCE public.response_code_id_seq
    START WITH 1
    INCREMENT BY 1
    NO MINVALUE
    NO MAXVALUE
    CACHE 1;


ALTER TABLE public.response_code_id_seq OWNER TO bfr_user;

--
-- Name: response_code_id_seq; Type: SEQUENCE OWNED BY; Schema: public; Owner: bfr_user
--

ALTER SEQUENCE public.response_code_id_seq OWNED BY public.response_code.id;


--
-- Name: response_desc; Type: TABLE; Schema: public; Owner: bfr_user
--

CREATE TABLE public.response_desc (
    id bigint NOT NULL,
    condition character varying(255),
    description character varying(255) NOT NULL,
    rc_id bigint NOT NULL,
    priority integer DEFAULT 0
);


ALTER TABLE public.response_desc OWNER TO bfr_user;

--
-- Name: response_desc_id_seq; Type: SEQUENCE; Schema: public; Owner: bfr_user
--

CREATE SEQUENCE public.response_desc_id_seq
    START WITH 1
    INCREMENT BY 1
    NO MINVALUE
    NO MAXVALUE
    CACHE 1;


ALTER TABLE public.response_desc_id_seq OWNER TO bfr_user;

--
-- Name: response_desc_id_seq; Type: SEQUENCE OWNED BY; Schema: public; Owner: bfr_user
--

ALTER SEQUENCE public.response_desc_id_seq OWNED BY public.response_desc.id;


--
-- Name: response_mapping; Type: TABLE; Schema: public; Owner: bfr_user
--

CREATE TABLE public.response_mapping (
    source_id bigint NOT NULL,
    target_id bigint NOT NULL
);


ALTER TABLE public.response_mapping OWNER TO bfr_user;

--
-- Name: route; Type: TABLE; Schema: public; Owner: bfr_user
--

CREATE TABLE public.route (
    id bigint NOT NULL,
    code character varying(40) NOT NULL,
    description character varying(255) NOT NULL
);


ALTER TABLE public.route OWNER TO bfr_user;

--
-- Name: route_detail; Type: TABLE; Schema: public; Owner: bfr_user
--

CREATE TABLE public.route_detail (
    id bigint NOT NULL,
    condition character varying(255),
    in_background boolean,
    last_invocation_id bigint,
    next_invocation_id bigint NOT NULL,
    priority integer,
    wait_response boolean,
    route_id bigint NOT NULL
);


ALTER TABLE public.route_detail OWNER TO bfr_user;

--
-- Name: route_detail_id_seq; Type: SEQUENCE; Schema: public; Owner: bfr_user
--

CREATE SEQUENCE public.route_detail_id_seq
    START WITH 1
    INCREMENT BY 1
    NO MINVALUE
    NO MAXVALUE
    CACHE 1;


ALTER TABLE public.route_detail_id_seq OWNER TO bfr_user;

--
-- Name: route_detail_id_seq; Type: SEQUENCE OWNED BY; Schema: public; Owner: bfr_user
--

ALTER SEQUENCE public.route_detail_id_seq OWNED BY public.route_detail.id;


--
-- Name: route_id_seq; Type: SEQUENCE; Schema: public; Owner: bfr_user
--

CREATE SEQUENCE public.route_id_seq
    START WITH 1
    INCREMENT BY 1
    NO MINVALUE
    NO MAXVALUE
    CACHE 1;


ALTER TABLE public.route_id_seq OWNER TO bfr_user;

--
-- Name: route_id_seq; Type: SEQUENCE OWNED BY; Schema: public; Owner: bfr_user
--

ALTER SEQUENCE public.route_id_seq OWNED BY public.route.id;


--
-- Name: system_library; Type: TABLE; Schema: public; Owner: bfr_user
--

CREATE TABLE public.system_library (
    id bigint NOT NULL,
    data oid NOT NULL,
    date_modified timestamp without time zone NOT NULL,
    ext character varying(255) NOT NULL,
    file_name character varying(255) NOT NULL
);


ALTER TABLE public.system_library OWNER TO bfr_user;

--
-- Name: system_library_id_seq; Type: SEQUENCE; Schema: public; Owner: bfr_user
--

CREATE SEQUENCE public.system_library_id_seq
    START WITH 1
    INCREMENT BY 1
    NO MINVALUE
    NO MAXVALUE
    CACHE 1;


ALTER TABLE public.system_library_id_seq OWNER TO bfr_user;

--
-- Name: system_library_id_seq; Type: SEQUENCE OWNED BY; Schema: public; Owner: bfr_user
--

ALTER SEQUENCE public.system_library_id_seq OWNED BY public.system_library.id;


--
-- Name: system_module; Type: TABLE; Schema: public; Owner: bfr_user
--

CREATE TABLE public.system_module (
    code character varying(10) NOT NULL,
    description character varying(255) NOT NULL
);


ALTER TABLE public.system_module OWNER TO bfr_user;

--
-- Name: system_param; Type: TABLE; Schema: public; Owner: bfr_user
--

CREATE TABLE public.system_param (
    id integer NOT NULL,
    category character varying(20) NOT NULL,
    name character varying(100) NOT NULL,
    value character varying(255),
    description character varying(255),
    application character varying(20),
    profile character varying(20),
    label character varying(20)
);


ALTER TABLE public.system_param OWNER TO bfr_user;

--
-- Name: system_param_id_seq; Type: SEQUENCE; Schema: public; Owner: bfr_user
--

CREATE SEQUENCE public.system_param_id_seq
    AS integer
    START WITH 1
    INCREMENT BY 1
    NO MINVALUE
    NO MAXVALUE
    CACHE 1;


ALTER TABLE public.system_param_id_seq OWNER TO bfr_user;

--
-- Name: system_param_id_seq; Type: SEQUENCE OWNED BY; Schema: public; Owner: bfr_user
--

ALTER SEQUENCE public.system_param_id_seq OWNED BY public.system_param.id;


--
-- Name: endpoint_packager id; Type: DEFAULT; Schema: public; Owner: bfr_user
--

ALTER TABLE ONLY public.endpoint_packager ALTER COLUMN id SET DEFAULT nextval('public.endpoint_packager_id_seq'::regclass);


--
-- Name: endpoint_rest_api id; Type: DEFAULT; Schema: public; Owner: bfr_user
--

ALTER TABLE ONLY public.endpoint_rest_api ALTER COLUMN id SET DEFAULT nextval('public.endpoint_rest_api_id_seq'::regclass);


--
-- Name: endpoint_soap id; Type: DEFAULT; Schema: public; Owner: bfr_user
--

ALTER TABLE ONLY public.endpoint_soap ALTER COLUMN id SET DEFAULT nextval('public.endpoint_soap_id_seq'::regclass);


--
-- Name: endpoint_soap_action id; Type: DEFAULT; Schema: public; Owner: bfr_user
--

ALTER TABLE ONLY public.endpoint_soap_action ALTER COLUMN id SET DEFAULT nextval('public.endpoint_soap_action_id_seq'::regclass);


--
-- Name: invocation id; Type: DEFAULT; Schema: public; Owner: bfr_user
--

ALTER TABLE ONLY public.invocation ALTER COLUMN id SET DEFAULT nextval('public.invocation_id_seq'::regclass);


--
-- Name: invocation_detail id; Type: DEFAULT; Schema: public; Owner: bfr_user
--

ALTER TABLE ONLY public.invocation_detail ALTER COLUMN id SET DEFAULT nextval('public.invocation_detail_id_seq'::regclass);


--
-- Name: invocation_timeout id; Type: DEFAULT; Schema: public; Owner: bfr_user
--

ALTER TABLE ONLY public.invocation_timeout ALTER COLUMN id SET DEFAULT nextval('public.invocation_timeout_id_seq'::regclass);


--
-- Name: response_code id; Type: DEFAULT; Schema: public; Owner: bfr_user
--

ALTER TABLE ONLY public.response_code ALTER COLUMN id SET DEFAULT nextval('public.response_code_id_seq'::regclass);


--
-- Name: response_desc id; Type: DEFAULT; Schema: public; Owner: bfr_user
--

ALTER TABLE ONLY public.response_desc ALTER COLUMN id SET DEFAULT nextval('public.response_desc_id_seq'::regclass);


--
-- Name: route id; Type: DEFAULT; Schema: public; Owner: bfr_user
--

ALTER TABLE ONLY public.route ALTER COLUMN id SET DEFAULT nextval('public.route_id_seq'::regclass);


--
-- Name: route_detail id; Type: DEFAULT; Schema: public; Owner: bfr_user
--

ALTER TABLE ONLY public.route_detail ALTER COLUMN id SET DEFAULT nextval('public.route_detail_id_seq'::regclass);


--
-- Name: system_library id; Type: DEFAULT; Schema: public; Owner: bfr_user
--

ALTER TABLE ONLY public.system_library ALTER COLUMN id SET DEFAULT nextval('public.system_library_id_seq'::regclass);


--
-- Name: system_param id; Type: DEFAULT; Schema: public; Owner: bfr_user
--

ALTER TABLE ONLY public.system_param ALTER COLUMN id SET DEFAULT nextval('public.system_param_id_seq'::regclass);


--
-- Data for Name: endpoint; Type: TABLE DATA; Schema: public; Owner: bfr_user
--

COPY public.endpoint (code, description, type) FROM stdin;
pg01	Payment gateway	rest
rest01	Askrindo REST Service	rest
\.


--
-- Data for Name: endpoint_packager; Type: TABLE DATA; Schema: public; Owner: bfr_user
--

COPY public.endpoint_packager (id, data, ext, file_name, endpoint_code, date_modified) FROM stdin;
\.


--
-- Data for Name: endpoint_rest; Type: TABLE DATA; Schema: public; Owner: bfr_user
--

COPY public.endpoint_rest (as_server, host, jks_pass, jks_path, path_prefix, ssl, white_list, endpoint_code) FROM stdin;
t	\N	\N	\N	/esb	f	\N	rest01
f	10.10.105.225:8081	\N	\N	/api	f	\N	pg01
\.


--
-- Data for Name: endpoint_rest_api; Type: TABLE DATA; Schema: public; Owner: bfr_user
--

COPY public.endpoint_rest_api (id, description, headers, http_method, invocation_code, path, rc_field_name, rc_in_headers, rd_field_name, rd_in_headers, timeout_milis, white_list, endpoint_code) FROM stdin;
3	Inquiry VA rest server	set('Content-Type', 'application/json')	POST	INQUIRY_VA_REST	/va/inquiry	responseCode	f	responseDesc	f	\N	\N	rest01
1	Generate VA rest server	set('Content-Type', 'application/json')	POST	GENERATE_VA_REST	/va/generate	responseCode	f	responseDesc	f	\N	\N	rest01
2	Generate VA rest client	\N	POST	GENERATE_VA_PG	/va/generate	responseCode	f	responseDesc	f	\N	\N	pg01
4	Inquiry VA rest client	\N	POST	INQUIRY_VA_PG	/cashin/va/inquiry	responseCode	f	responseDesc	f	\N	\N	pg01
\.


--
-- Data for Name: endpoint_soap; Type: TABLE DATA; Schema: public; Owner: bfr_user
--

COPY public.endpoint_soap (id, address_location, as_server, description, service_name, target_name_space, white_list, endpoint_code) FROM stdin;
\.


--
-- Data for Name: endpoint_soap_action; Type: TABLE DATA; Schema: public; Owner: bfr_user
--

COPY public.endpoint_soap_action (id, action_name, description, input_element, invocation_code, output_element, soap_id) FROM stdin;
\.


--
-- Data for Name: endpoint_status; Type: TABLE DATA; Schema: public; Owner: bfr_user
--

COPY public.endpoint_status (endpoint_code, node, status) FROM stdin;
rest01	2	ERROR
\.


--
-- Data for Name: endpoint_type; Type: TABLE DATA; Schema: public; Owner: bfr_user
--

COPY public.endpoint_type (type, description) FROM stdin;
soap	SOAP message interchange adapter
kafka	Kafka message interchange adapter
rest	REST service interchange adapter
iso8583	ISO 8583 message interchange adapter
\.


--
-- Data for Name: invocation; Type: TABLE DATA; Schema: public; Owner: bfr_user
--

COPY public.invocation (id, code, description, endpoint_code, parent_invocation_id) FROM stdin;
3	GENERATE_VA_PG	Generate VA rest client	pg01	\N
1	GENERATE_VA_REST	Generate VA rest server	rest01	\N
5	INQUIRY_VA_PG	Inquiry VA rest client	pg01	3
4	INQUIRY_VA_REST	Inquiry VA rest server	rest01	1
\.


--
-- Data for Name: invocation_detail; Type: TABLE DATA; Schema: public; Owner: bfr_user
--

COPY public.invocation_detail (id, chain, going_out, process, invocation_id) FROM stdin;
8	0	t	#emsg.putAll(#imsg)	3
6	0	f	#route.set('GENERATE_VA')	1
9	0	f	#imsg.setAll(#emsg)	3
7	0	f	#imsg.putHeader('authorization', #emsg.getHeader('authorization'))	1
13	0	f	#imsg.putHeader('Content-Type', #emsg.getHeader('Content-Type'))	1
14	0	f	#emsg.getResponseCode()==null?#imsg.setLastTrackResponseCode(#emsg.getHeader('Http-Code')):#doNothing()	3
10	0	t	(#imsg.systemResponseCodeIsNull() && #imsg.getMappedResponseCode()=='00')?#emsg.putAll(#imsg):#doNothing()	1
15	0	f	#imsg.putBody(#emsg.getBody())	1
16	0	f	#route.set('INQUIRY_VA')	4
17	0	t	#emsg.remove('transmissionDateTime')	5
19	0	t	#emsg.remove('systemTraceNumber')	5
\.


--
-- Data for Name: invocation_timeout; Type: TABLE DATA; Schema: public; Owner: bfr_user
--

COPY public.invocation_timeout (id, endpoint_code, invocation_code, timeout_milis) FROM stdin;
\.


--
-- Data for Name: response_code; Type: TABLE DATA; Schema: public; Owner: bfr_user
--

COPY public.response_code (id, code, endpoint_code) FROM stdin;
12	00	pg01
13	00	rest01
14	SYSDFL	\N
15	SYSSCS	\N
16	SYSFLD	\N
17	SYSTMO	\N
18	SYSERR	\N
19	SYSDSC	\N
20	SYSOFF	\N
21	SYSUNR	\N
22	SYSUIC	\N
23	SYSAUT	\N
24	401	pg01
25	01	rest01
26	500	pg01
27	06	rest01
28	404	pg01
29	02	pg01
30	03	pg01
31	04	pg01
32	05	pg01
33	06	pg01
34	07	pg01
35	08	pg01
36	09	pg01
38	10	pg01
39	11	pg01
40	12	pg01
41	13	pg01
42	02	rest01
\.


--
-- Data for Name: response_desc; Type: TABLE DATA; Schema: public; Owner: bfr_user
--

COPY public.response_desc (id, condition, description, rc_id, priority) FROM stdin;
12	\N	Success	12	0
13	\N	Success	13	0
14	\N	Default	14	0
15	\N	Success	15	0
16	\N	Failed	16	0
17	\N	Timeout	17	0
18	\N	Error	18	0
19	\N	Disconnected	19	0
20	\N	Offline	20	0
21	\N	Unavailable route	21	0
22	\N	Unknown invocation code	22	0
23	\N	Unauthorized	23	0
24	\N	Unauthorized	24	0
25	\N	Unauthorized	25	0
26	\N	Internal server error	26	0
27	\N	General error	27	0
28	\N	Http not found	28	0
29	\N	Request id already exists	29	0
30	\N	Request ID cannot be null	30	0
31	\N	Transaction Type cannot be null	31	0
32	\N	Requestor cannot be null	32	0
33	\N	Created Date cannot be null	33	0
34	\N	Installment List cannot be null	34	0
35	\N	Installment Number cannot be null	35	0
36	\N	Amount cannot be null	36	0
37	\N	Open Date cannot be null	38	0
38	\N	Due Date cannot be null	39	0
39	\N	Currency cannot be null	40	0
40	\N	Description cannot be null	41	0
41	\N	Invalid field	42	0
\.


--
-- Data for Name: response_mapping; Type: TABLE DATA; Schema: public; Owner: bfr_user
--

COPY public.response_mapping (source_id, target_id) FROM stdin;
12	13
24	25
26	27
28	27
14	27
30	41
31	41
32	41
33	41
34	41
35	41
36	41
37	41
38	41
39	41
40	41
\.


--
-- Data for Name: route; Type: TABLE DATA; Schema: public; Owner: bfr_user
--

COPY public.route (id, code, description) FROM stdin;
1	GENERATE_VA	Generate VA
2	INQUIRY_VA	Inquiry VA
\.


--
-- Data for Name: route_detail; Type: TABLE DATA; Schema: public; Owner: bfr_user
--

COPY public.route_detail (id, condition, in_background, last_invocation_id, next_invocation_id, priority, wait_response, route_id) FROM stdin;
4	\N	f	\N	3	0	t	1
5	\N	f	\N	5	0	t	2
\.


--
-- Data for Name: system_library; Type: TABLE DATA; Schema: public; Owner: bfr_user
--

COPY public.system_library (id, data, date_modified, ext, file_name) FROM stdin;
\.


--
-- Data for Name: system_module; Type: TABLE DATA; Schema: public; Owner: bfr_user
--

COPY public.system_module (code, description) FROM stdin;
ISO_ENP	Generic ISO8583 Endpoint Adapter
KFK_ENP	Generic Kafka Endpoint Adapter
OBJ_TRN	Object Translator
RST_ENP	Generic REST Endpoint Adapter
SVC_LOG	Service Logging
SOP_ENP	Generic SOAP Endpoint Adapter
COR_LGC	Hazelcast Server Module
DBC_ENP	Database Client Endpoint
RES_MAP	Response Mapper Module
HZL_SVR	Hazelcast Server Module
ROU_LGC	Route Logic Module
\.


--
-- Data for Name: system_param; Type: TABLE DATA; Schema: public; Owner: bfr_user
--

COPY public.system_param (id, category, name, value, description, application, profile, label) FROM stdin;
48	Logging	logging.level.com.bifrost	TRACE	Bifrost application logging level	bifrost	default	master
90	Hazelcast	hazelcast.server.swarm.swarm-mgr-uri	http://10.10.105.225:2375	DOCKER_HOST variable value	bifrost	default	master
95	Logging	logging.level.org.apache.camel	ERROR	Apache camel logging level	bifrost	default	master
1	System	bifrost.module.port.min	9990	Minimal open port range for all modules	bifrost	default	master
2	System	bifrost.module.port.max	9999	Maximal open port range for all modules	bifrost	default	master
5	Database	database.cfg.host	10.10.105.225	System configuration database host location	bifrost	default	master
6	Database	database.cfg.port	5432	System configuration database port location	bifrost	default	master
7	Database	database.cfg.name	bifrost-config	System configuration database name	bifrost	default	master
8	Database	database.cfg.user	bfr_user	System configuration database username	bifrost	default	master
9	Database	database.cfg.pass	bfr_pass	System configuration database password	bifrost	default	master
10	Database	database.log.host	10.10.105.225	System logging database host location	bifrost	default	master
11	Database	database.log.port	5432	System logging database port location	bifrost	default	master
12	Database	database.log.name	bifrost-log	System logging database name	bifrost	default	master
13	Database	database.log.user	bfr_user	System logging database username	bifrost	default	master
14	Database	database.log.pass	bfr_pass	System logging database password	bifrost	default	master
15	Database	database.gui.host	10.10.105.225	System user interface database host location	bifrost	default	master
16	Database	database.gui.port	5432	System user interface database port location	bifrost	default	master
17	Database	database.gui.name	bifrost-gui	System user interface database name	bifrost	default	master
18	Database	database.gui.user	bfr_user	System user interface database username	bifrost	default	master
19	Database	database.gui.pass	bfr_pass	System user interface database password	bifrost	default	master
20	Thread	thread.pool.size.core	100	Initial system thread pool open	bifrost	default	master
21	Thread	thread.pool.size.max	5000	Maximal system thread pool open	bifrost	default	master
22	Thread	thread.pool.keep-alive-seconds	300	Thread will off after idle in seconds	bifrost	default	master
23	Thread	thread.pool.queue-capacity	1000000	Quota for waiting threads which will be processed	bifrost	default	master
25	Hazelcast	hazelcast.server.instance.name	bifrost	Hazelcast server name	bifrost	default	master
26	Hazelcast	hazelcast.server.group.name	bifrost	Hazelcast server group name	bifrost	default	master
27	Hazelcast	hazelcast.server.management-center.enabled	false	Enable/disable hazelcast management GUI	bifrost	default	master
28	Hazelcast	hazelcast.server.management-center.url	http://localhost:9191/hazelcast-mancenter	URL for hazelacast management GUI	bifrost	default	master
30	Hazelcast	hazelcast.server.swarm.docker-network-names	bifrost-overlay	Comma delimited list of Docker network names to discover matching services on(required if join mode is 'swarm')	bifrost	default	master
31	Hazelcast	hazelcast.server.swarm.docker-service-names	hazelcast-server_bifrost	Comma delimited list of relevant Docker service names to find tasks/containers on the above networks(required if join mode is 'swarm')	bifrost	default	master
32	Hazelcast	hazelcast.server.interface.enabled	false	Interface enabled	bifrost	default	master
33	Hazelcast	hazelcast.server.interface.list	\N	Interface list, delimited by comma(required if interface enabled is true)	bifrost	default	master
34	Hazelcast	hazelcast.server.multicast.group	224.2.2.3	Multicast group IP(required if join mode is 'multicast')	bifrost	default	master
35	Hazelcast	hazelcast.server.multicast.port	54327	Multicast group port(required if join mode is 'multicast')	bifrost	default	master
36	Hazelcast	hazelcast.server.tcpip.members	\N	List host of hazelcast server node IP, delimited by comma(required if join mode is 'tcpip')	bifrost	default	master
37	Hazelcast	hazelcast.server.network.port	5701	Hazelcast open port	bifrost	default	master
38	Hazelcast	hazelcast.server.network.port.auto-increment	false	If current port is used, hazelcast will try other port automatically	bifrost	default	master
39	Hazelcast	hazelcast.server.network.port.count	100	Maximal count for automatic port searching	bifrost	default	master
43	Kafka	kafka.consumer.auto-offset-reset	earliest	What to do when there is no initial offset or current offset on the server	bifrost	default	master
44	Kafka	kafka.topic.group-id	ragnarok	Kafka topic's group ID	bifrost	default	master
45	Kafka	kafka.topic.partitions	1	Kafka topic's log partitions	bifrost	default	master
46	Kafka	kafka.topic.replication	2	Topic partitions replication factor across multiple nodes for failover(2 or 3)	bifrost	default	master
47	Camel	camel.component.servlet.mapping.context-path	/*	Camel REST context path(DON'T CHANGE IT!)	bifrost	default	master
40	Hazelcast	hazelcast.client.server.members	hazelcast-server_bifrost:5701	Hazelcast server list [host:port], delimited by comma	bifrost	default	master
41	Hazelcast	hazelcast.client.smart.routing	false	Cache fetching mechanism	bifrost	default	master
24	Thread	thread.pool.wait-task-on-shutdown	true	Complete all threads before shutting down	bifrost	default	master
99	Database	spring.jpa.hibernate.ddl-auto	update	ddl auto	bifrost	default	master
96	Logging	logging.level.com.hazelcast	ERROR	TEST	bifrost	default	master
42	Kafka	kafka.server.address-list	10.10.105.225:9092	Kafka server list [host:port], delimited by comma	bifrost	default	master
29	Hazelcast	hazelcast.server.join.mode	swarm	Node searching, tcpip/multicast/swarm(for cluster purpose)	bifrost	default	master
\.


--
-- Name: endpoint_packager_id_seq; Type: SEQUENCE SET; Schema: public; Owner: bfr_user
--

SELECT pg_catalog.setval('public.endpoint_packager_id_seq', 1, false);


--
-- Name: endpoint_rest_api_id_seq; Type: SEQUENCE SET; Schema: public; Owner: bfr_user
--

SELECT pg_catalog.setval('public.endpoint_rest_api_id_seq', 4, true);


--
-- Name: endpoint_soap_action_id_seq; Type: SEQUENCE SET; Schema: public; Owner: bfr_user
--

SELECT pg_catalog.setval('public.endpoint_soap_action_id_seq', 1, false);


--
-- Name: endpoint_soap_id_seq; Type: SEQUENCE SET; Schema: public; Owner: bfr_user
--

SELECT pg_catalog.setval('public.endpoint_soap_id_seq', 1, false);


--
-- Name: invocation_detail_id_seq; Type: SEQUENCE SET; Schema: public; Owner: bfr_user
--

SELECT pg_catalog.setval('public.invocation_detail_id_seq', 19, true);


--
-- Name: invocation_id_seq; Type: SEQUENCE SET; Schema: public; Owner: bfr_user
--

SELECT pg_catalog.setval('public.invocation_id_seq', 5, true);


--
-- Name: invocation_timeout_id_seq; Type: SEQUENCE SET; Schema: public; Owner: bfr_user
--

SELECT pg_catalog.setval('public.invocation_timeout_id_seq', 1, false);


--
-- Name: response_code_id_seq; Type: SEQUENCE SET; Schema: public; Owner: bfr_user
--

SELECT pg_catalog.setval('public.response_code_id_seq', 42, true);


--
-- Name: response_desc_id_seq; Type: SEQUENCE SET; Schema: public; Owner: bfr_user
--

SELECT pg_catalog.setval('public.response_desc_id_seq', 41, true);


--
-- Name: route_detail_id_seq; Type: SEQUENCE SET; Schema: public; Owner: bfr_user
--

SELECT pg_catalog.setval('public.route_detail_id_seq', 5, true);


--
-- Name: route_id_seq; Type: SEQUENCE SET; Schema: public; Owner: bfr_user
--

SELECT pg_catalog.setval('public.route_id_seq', 2, true);


--
-- Name: system_library_id_seq; Type: SEQUENCE SET; Schema: public; Owner: bfr_user
--

SELECT pg_catalog.setval('public.system_library_id_seq', 1, false);


--
-- Name: system_param_id_seq; Type: SEQUENCE SET; Schema: public; Owner: bfr_user
--

SELECT pg_catalog.setval('public.system_param_id_seq', 31, true);


--
-- Name: endpoint_packager endpoint_packager_pkey; Type: CONSTRAINT; Schema: public; Owner: bfr_user
--

ALTER TABLE ONLY public.endpoint_packager
    ADD CONSTRAINT endpoint_packager_pkey PRIMARY KEY (id);


--
-- Name: endpoint endpoint_pkey; Type: CONSTRAINT; Schema: public; Owner: bfr_user
--

ALTER TABLE ONLY public.endpoint
    ADD CONSTRAINT endpoint_pkey PRIMARY KEY (code);


--
-- Name: endpoint_rest_api endpoint_rest_api_pkey; Type: CONSTRAINT; Schema: public; Owner: bfr_user
--

ALTER TABLE ONLY public.endpoint_rest_api
    ADD CONSTRAINT endpoint_rest_api_pkey PRIMARY KEY (id);


--
-- Name: endpoint_rest endpoint_rest_pkey; Type: CONSTRAINT; Schema: public; Owner: bfr_user
--

ALTER TABLE ONLY public.endpoint_rest
    ADD CONSTRAINT endpoint_rest_pkey PRIMARY KEY (endpoint_code);


--
-- Name: endpoint_soap_action endpoint_soap_action_pkey; Type: CONSTRAINT; Schema: public; Owner: bfr_user
--

ALTER TABLE ONLY public.endpoint_soap_action
    ADD CONSTRAINT endpoint_soap_action_pkey PRIMARY KEY (id);


--
-- Name: endpoint_soap endpoint_soap_pkey; Type: CONSTRAINT; Schema: public; Owner: bfr_user
--

ALTER TABLE ONLY public.endpoint_soap
    ADD CONSTRAINT endpoint_soap_pkey PRIMARY KEY (id);


--
-- Name: endpoint_status endpoint_status_pkey; Type: CONSTRAINT; Schema: public; Owner: bfr_user
--

ALTER TABLE ONLY public.endpoint_status
    ADD CONSTRAINT endpoint_status_pkey PRIMARY KEY (endpoint_code, node);


--
-- Name: endpoint_type endpoint_type_pkey; Type: CONSTRAINT; Schema: public; Owner: bfr_user
--

ALTER TABLE ONLY public.endpoint_type
    ADD CONSTRAINT endpoint_type_pkey PRIMARY KEY (type);


--
-- Name: invocation_detail invocation_detail_pkey; Type: CONSTRAINT; Schema: public; Owner: bfr_user
--

ALTER TABLE ONLY public.invocation_detail
    ADD CONSTRAINT invocation_detail_pkey PRIMARY KEY (id);


--
-- Name: invocation invocation_pkey; Type: CONSTRAINT; Schema: public; Owner: bfr_user
--

ALTER TABLE ONLY public.invocation
    ADD CONSTRAINT invocation_pkey PRIMARY KEY (id);


--
-- Name: invocation_timeout invocation_timeout_pkey; Type: CONSTRAINT; Schema: public; Owner: bfr_user
--

ALTER TABLE ONLY public.invocation_timeout
    ADD CONSTRAINT invocation_timeout_pkey PRIMARY KEY (id);


--
-- Name: system_param name_unique; Type: CONSTRAINT; Schema: public; Owner: bfr_user
--

ALTER TABLE ONLY public.system_param
    ADD CONSTRAINT name_unique UNIQUE (name);


--
-- Name: response_code response_code_pkey; Type: CONSTRAINT; Schema: public; Owner: bfr_user
--

ALTER TABLE ONLY public.response_code
    ADD CONSTRAINT response_code_pkey PRIMARY KEY (id);


--
-- Name: response_desc response_desc_pkey; Type: CONSTRAINT; Schema: public; Owner: bfr_user
--

ALTER TABLE ONLY public.response_desc
    ADD CONSTRAINT response_desc_pkey PRIMARY KEY (id);


--
-- Name: response_mapping response_mapping_pkey; Type: CONSTRAINT; Schema: public; Owner: bfr_user
--

ALTER TABLE ONLY public.response_mapping
    ADD CONSTRAINT response_mapping_pkey PRIMARY KEY (source_id, target_id);


--
-- Name: route_detail route_detail_pkey; Type: CONSTRAINT; Schema: public; Owner: bfr_user
--

ALTER TABLE ONLY public.route_detail
    ADD CONSTRAINT route_detail_pkey PRIMARY KEY (id);


--
-- Name: route route_pkey; Type: CONSTRAINT; Schema: public; Owner: bfr_user
--

ALTER TABLE ONLY public.route
    ADD CONSTRAINT route_pkey PRIMARY KEY (id);


--
-- Name: system_library system_library_pkey; Type: CONSTRAINT; Schema: public; Owner: bfr_user
--

ALTER TABLE ONLY public.system_library
    ADD CONSTRAINT system_library_pkey PRIMARY KEY (id);


--
-- Name: system_module system_module_pkey; Type: CONSTRAINT; Schema: public; Owner: bfr_user
--

ALTER TABLE ONLY public.system_module
    ADD CONSTRAINT system_module_pkey PRIMARY KEY (code);


--
-- Name: system_param system_param_pk; Type: CONSTRAINT; Schema: public; Owner: bfr_user
--

ALTER TABLE ONLY public.system_param
    ADD CONSTRAINT system_param_pk PRIMARY KEY (id);


--
-- Name: invocation uk42b205pl6sbaafe70urg06nmn; Type: CONSTRAINT; Schema: public; Owner: bfr_user
--

ALTER TABLE ONLY public.invocation
    ADD CONSTRAINT uk42b205pl6sbaafe70urg06nmn UNIQUE (endpoint_code, code);


--
-- Name: endpoint_soap_action uk5xgsp01fvytdnsbmu5tf0cj4m; Type: CONSTRAINT; Schema: public; Owner: bfr_user
--

ALTER TABLE ONLY public.endpoint_soap_action
    ADD CONSTRAINT uk5xgsp01fvytdnsbmu5tf0cj4m UNIQUE (soap_id, action_name, invocation_code);


--
-- Name: invocation_timeout uk7s3r1xe9dv9t3wl206m4dlsh1; Type: CONSTRAINT; Schema: public; Owner: bfr_user
--

ALTER TABLE ONLY public.invocation_timeout
    ADD CONSTRAINT uk7s3r1xe9dv9t3wl206m4dlsh1 UNIQUE (endpoint_code, invocation_code);


--
-- Name: endpoint_packager uk8dnka5an56mm4abvyy66vcff6; Type: CONSTRAINT; Schema: public; Owner: bfr_user
--

ALTER TABLE ONLY public.endpoint_packager
    ADD CONSTRAINT uk8dnka5an56mm4abvyy66vcff6 UNIQUE (endpoint_code, file_name);


--
-- Name: endpoint_status uk_agc729eadffku0i5vff7vwr24; Type: CONSTRAINT; Schema: public; Owner: bfr_user
--

ALTER TABLE ONLY public.endpoint_status
    ADD CONSTRAINT uk_agc729eadffku0i5vff7vwr24 UNIQUE (endpoint_code);


--
-- Name: endpoint_soap uk_hisgkqx84n0l8jono6afdf8pr; Type: CONSTRAINT; Schema: public; Owner: bfr_user
--

ALTER TABLE ONLY public.endpoint_soap
    ADD CONSTRAINT uk_hisgkqx84n0l8jono6afdf8pr UNIQUE (endpoint_code);


--
-- Name: endpoint_soap uk_la21ffqv8i5tdjh934e67vrhv; Type: CONSTRAINT; Schema: public; Owner: bfr_user
--

ALTER TABLE ONLY public.endpoint_soap
    ADD CONSTRAINT uk_la21ffqv8i5tdjh934e67vrhv UNIQUE (address_location);


--
-- Name: route uk_p1nhhl5sdjovcgfgxsejmd0yq; Type: CONSTRAINT; Schema: public; Owner: bfr_user
--

ALTER TABLE ONLY public.route
    ADD CONSTRAINT uk_p1nhhl5sdjovcgfgxsejmd0yq UNIQUE (code);


--
-- Name: endpoint_rest_api uka20ag9k23rytbcqbimlppw5q0; Type: CONSTRAINT; Schema: public; Owner: bfr_user
--

ALTER TABLE ONLY public.endpoint_rest_api
    ADD CONSTRAINT uka20ag9k23rytbcqbimlppw5q0 UNIQUE (endpoint_code, invocation_code);


--
-- Name: response_code ukqlvl3m9366339umdl27weh1em; Type: CONSTRAINT; Schema: public; Owner: bfr_user
--

ALTER TABLE ONLY public.response_code
    ADD CONSTRAINT ukqlvl3m9366339umdl27weh1em UNIQUE (endpoint_code, code);


--
-- Name: endpoint_rest fk4rexrtobi3vfh66q7sjppu853; Type: FK CONSTRAINT; Schema: public; Owner: bfr_user
--

ALTER TABLE ONLY public.endpoint_rest
    ADD CONSTRAINT fk4rexrtobi3vfh66q7sjppu853 FOREIGN KEY (endpoint_code) REFERENCES public.endpoint(code);


--
-- Name: endpoint_packager fk5bp0dm0e257gods4japrqubfn; Type: FK CONSTRAINT; Schema: public; Owner: bfr_user
--

ALTER TABLE ONLY public.endpoint_packager
    ADD CONSTRAINT fk5bp0dm0e257gods4japrqubfn FOREIGN KEY (endpoint_code) REFERENCES public.endpoint(code);


--
-- Name: response_desc fk5jg1rhf65bmsqfo0e5me2i28w; Type: FK CONSTRAINT; Schema: public; Owner: bfr_user
--

ALTER TABLE ONLY public.response_desc
    ADD CONSTRAINT fk5jg1rhf65bmsqfo0e5me2i28w FOREIGN KEY (rc_id) REFERENCES public.response_code(id);


--
-- Name: invocation fk9naa6h61u70hkiw7sbvptheyh; Type: FK CONSTRAINT; Schema: public; Owner: bfr_user
--

ALTER TABLE ONLY public.invocation
    ADD CONSTRAINT fk9naa6h61u70hkiw7sbvptheyh FOREIGN KEY (parent_invocation_id) REFERENCES public.invocation(id);


--
-- Name: invocation_detail fkecoklp1ux9k6f0orshnc1r34t; Type: FK CONSTRAINT; Schema: public; Owner: bfr_user
--

ALTER TABLE ONLY public.invocation_detail
    ADD CONSTRAINT fkecoklp1ux9k6f0orshnc1r34t FOREIGN KEY (invocation_id) REFERENCES public.invocation(id);


--
-- Name: endpoint_status fkejr1rbca2eurrojfegg0ea3i5; Type: FK CONSTRAINT; Schema: public; Owner: bfr_user
--

ALTER TABLE ONLY public.endpoint_status
    ADD CONSTRAINT fkejr1rbca2eurrojfegg0ea3i5 FOREIGN KEY (endpoint_code) REFERENCES public.endpoint(code);


--
-- Name: endpoint_rest_api fkhjs114puo7nrn0d65u5vyvm52; Type: FK CONSTRAINT; Schema: public; Owner: bfr_user
--

ALTER TABLE ONLY public.endpoint_rest_api
    ADD CONSTRAINT fkhjs114puo7nrn0d65u5vyvm52 FOREIGN KEY (endpoint_code) REFERENCES public.endpoint_rest(endpoint_code);


--
-- Name: endpoint_soap_action fkiuam5yww9uxqfc3643n9408ap; Type: FK CONSTRAINT; Schema: public; Owner: bfr_user
--

ALTER TABLE ONLY public.endpoint_soap_action
    ADD CONSTRAINT fkiuam5yww9uxqfc3643n9408ap FOREIGN KEY (soap_id) REFERENCES public.endpoint_soap(id);


--
-- Name: endpoint_soap fkkwohd4y9yhp9ia95domyif0xi; Type: FK CONSTRAINT; Schema: public; Owner: bfr_user
--

ALTER TABLE ONLY public.endpoint_soap
    ADD CONSTRAINT fkkwohd4y9yhp9ia95domyif0xi FOREIGN KEY (endpoint_code) REFERENCES public.endpoint(code);


--
-- Name: response_mapping fkmv7ae8v1ye307ldxkd5cbljj6; Type: FK CONSTRAINT; Schema: public; Owner: bfr_user
--

ALTER TABLE ONLY public.response_mapping
    ADD CONSTRAINT fkmv7ae8v1ye307ldxkd5cbljj6 FOREIGN KEY (source_id) REFERENCES public.response_desc(id);


--
-- Name: route_detail fkny7bs27t22gbs6710prsnimos; Type: FK CONSTRAINT; Schema: public; Owner: bfr_user
--

ALTER TABLE ONLY public.route_detail
    ADD CONSTRAINT fkny7bs27t22gbs6710prsnimos FOREIGN KEY (route_id) REFERENCES public.route(id);


--
-- Name: response_mapping fkqu93372b782y5j2v5jqgraukl; Type: FK CONSTRAINT; Schema: public; Owner: bfr_user
--

ALTER TABLE ONLY public.response_mapping
    ADD CONSTRAINT fkqu93372b782y5j2v5jqgraukl FOREIGN KEY (target_id) REFERENCES public.response_desc(id);


--
-- Name: endpoint fkr03g61ah6nvmf0skuxapspc9; Type: FK CONSTRAINT; Schema: public; Owner: bfr_user
--

ALTER TABLE ONLY public.endpoint
    ADD CONSTRAINT fkr03g61ah6nvmf0skuxapspc9 FOREIGN KEY (type) REFERENCES public.endpoint_type(type);


--
-- PostgreSQL database dump complete
--

